method,crop,region,year,driver_group,dominant_feature,observed_yield_t_ha,trend_yield_t_ha,yield_gap_t_ha,recovered_gap_t_ha,recoverable_fraction,claim_sentence
02_grouped_driver_scaa,Barley,Colorado,1990,heat,heat_degree_days_30,4.3041,4.9403294294294255,0.6362294294294255,0.2792118879726354,0.43885409108320306,"In Colorado Barley 1990, heat exposure was the dominant modelled driver; moving heat_degree_days_30 toward feasible normal levels recovered 0.279 t/ha (43.9%) of the 0.636 t/ha detrended yield shortfall."
02_grouped_driver_scaa,Oats,Colorado,1990,heat,heat_degree_days_30,1.7934,2.0998372413793227,0.3064372413793226,0.21882272900058888,0.7140866038854582,"In Colorado Oats 1990, heat exposure was the dominant modelled driver; moving heat_degree_days_30 toward feasible normal levels recovered 0.219 t/ha (71.4%) of the 0.306 t/ha detrended yield shortfall."
02_grouped_driver_scaa,Oats,Montana,1990,drought,max_dry_spell_1mm,1.4347,1.9463192192192196,0.5116192192192195,0.36918785963823325,0.7216067062563633,"In Montana Oats 1990, drought/dry-spell stress was the dominant modelled driver; moving max_dry_spell_1mm toward feasible normal levels recovered 0.369 t/ha (72.2%) of the 0.512 t/ha detrended yield shortfall."
02_grouped_driver_scaa,Barley,Colorado,1991,excess_rain,wet_days_1mm,4.3041,5.016868065208058,0.7127680652080581,0.29204399006373033,0.40973214755136683,"In Colorado Barley 1991, excess rainfall or wetness was the dominant modelled driver; moving wet_days_1mm toward feasible normal levels recovered 0.292 t/ha (41.0%) of the 0.713 t/ha detrended yield shortfall."
02_grouped_driver_scaa,Barley,Texas,1991,drought,dry_days_2mm,1.7216,2.0867878787878986,0.3651878787878986,0.26620130865828073,0.7289434401323344,"In Texas Barley 1991, drought/dry-spell stress was the dominant modelled driver; moving dry_days_2mm toward feasible normal levels recovered 0.266 t/ha (72.9%) of the 0.365 t/ha detrended yield shortfall."
02_grouped_driver_scaa,Oats,Iowa,1991,excess_rain,heavy_rain_days_20,1.7934,2.1940560145860033,0.4006560145860032,0.227935513509853,0.5689057575870368,"In Iowa Oats 1991, excess rainfall or wetness was the dominant modelled driver; moving heavy_rain_days_20 toward feasible normal levels recovered 0.228 t/ha (56.9%) of the 0.401 t/ha detrended yield shortfall."
02_grouped_driver_scaa,Oats,Minnesota,1991,drought,dry_days_1mm,1.4347,1.9859069412269363,0.5512069412269363,0.349870970252683,0.6347361473240924,"In Minnesota Oats 1991, drought/dry-spell stress was the dominant modelled driver; moving dry_days_1mm toward feasible normal levels recovered 0.350 t/ha (63.5%) of the 0.551 t/ha detrended yield shortfall."
02_grouped_driver_scaa,Wheat,Illinois,1991,drought,dry_spell_events_14d,2.152,3.0019648348348085,0.8499648348348083,0.35160732879147666,0.41367279489840536,"In Illinois Wheat 1991, drought/dry-spell stress was the dominant modelled driver; moving dry_spell_events_14d toward feasible normal levels recovered 0.352 t/ha (41.4%) of the 0.850 t/ha detrended yield shortfall."
02_grouped_driver_scaa,Wheat,Washington,1991,drought,rain_mean,3.0868,3.8926784641784575,0.8058784641784573,0.4725876207912221,0.5864254249218529,"In Washington Wheat 1991, drought/dry-spell stress was the dominant modelled driver; moving rain_mean toward feasible normal levels recovered 0.473 t/ha (58.6%) of the 0.806 t/ha detrended yield shortfall."
02_grouped_driver_scaa,Barley,Colorado,1992,excess_rain,max_1day_rain,4.3579,5.093406700986691,0.7355067009866909,0.44120194052372647,0.5998612112328126,"In Colorado Barley 1992, excess rainfall or wetness was the dominant modelled driver; moving max_1day_rain toward feasible normal levels recovered 0.441 t/ha (60.0%) of the 0.736 t/ha detrended yield shortfall."
02_grouped_driver_scaa,Barley,Washington,1992,excess_rain,heavy_rain_days_25,2.421,3.2568276319176324,0.8358276319176325,0.49578328770342495,0.5931645099671489,"In Washington Barley 1992, excess rainfall or wetness was the dominant modelled driver; moving heavy_rain_days_25 toward feasible normal levels recovered 0.496 t/ha (59.3%) of the 0.836 t/ha detrended yield shortfall."
02_grouped_driver_scaa,Wheat,Nebraska,1992,heat,heatwave_events_3d_30,2.0175,2.416996151866151,0.39949615186615084,0.23918749953953466,0.5987229124041055,"In Nebraska Wheat 1992, heat exposure was the dominant modelled driver; moving heatwave_events_3d_30 toward feasible normal levels recovered 0.239 t/ha (59.9%) of the 0.399 t/ha detrended yield shortfall."
02_grouped_driver_scaa,Wheat,Washington,1992,drought,max_dry_spell_1mm,3.3222,3.901601823251818,0.5794018232518181,0.4183957835367647,0.7221167879461826,"In Washington Wheat 1992, drought/dry-spell stress was the dominant modelled driver; moving max_dry_spell_1mm toward feasible normal levels recovered 0.418 t/ha (72.2%) of the 0.579 t/ha detrended yield shortfall."
02_grouped_driver_scaa,Barley,Colorado,1993,excess_rain,max_7day_rain,4.5731,5.169945336765323,0.5968453367653233,0.2811498380923855,0.47105978848073377,"In Colorado Barley 1993, excess rainfall or wetness was the dominant modelled driver; moving max_7day_rain toward feasible normal levels recovered 0.281 t/ha (47.1%) of the 0.597 t/ha detrended yield shortfall."
02_grouped_driver_scaa,Oats,Illinois,1993,drought,dry_days_1mm,1.8292,2.2663275203775086,0.4371275203775087,0.4001509359921169,0.915410074493918,"In Illinois Oats 1993, drought/dry-spell stress was the dominant modelled driver; moving dry_days_1mm toward feasible normal levels recovered 0.400 t/ha (91.5%) of the 0.437 t/ha detrended yield shortfall."
02_grouped_driver_scaa,Oats,Iowa,1993,drought,rain_mean,1.4347,2.2300232990132898,0.7953232990132897,0.4383439392557457,0.5511518898032699,"In Iowa Oats 1993, drought/dry-spell stress was the dominant modelled driver; moving rain_mean toward feasible normal levels recovered 0.438 t/ha (55.1%) of the 0.795 t/ha detrended yield shortfall."
02_grouped_driver_scaa,Oats,Kansas,1993,excess_rain,heavy_rain_days_50,1.2195,1.734650960960959,0.515150960960959,0.22416040285545757,0.4351353677712458,"In Kansas Oats 1993, excess rainfall or wetness was the dominant modelled driver; moving heavy_rain_days_50 toward feasible normal levels recovered 0.224 t/ha (43.5%) of the 0.515 t/ha detrended yield shortfall."
02_grouped_driver_scaa,Oats,Nebraska,1993,drought,dry_days_2mm,1.5423,2.06665645216645,0.5243564521664501,0.41143186104748586,0.7846415531793288,"In Nebraska Oats 1993, drought/dry-spell stress was the dominant modelled driver; moving dry_days_2mm toward feasible normal levels recovered 0.411 t/ha (78.5%) of the 0.524 t/ha detrended yield shortfall."
02_grouped_driver_scaa,Wheat,Iowa,1993,drought,dry_days_2mm,1.6813,2.680891674876861,0.999591674876861,0.3445999104101221,0.34474067668938235,"In Iowa Wheat 1993, drought/dry-spell stress was the dominant modelled driver; moving dry_days_2mm toward feasible normal levels recovered 0.345 t/ha (34.5%) of the 1.000 t/ha detrended yield shortfall."
02_grouped_driver_scaa,Barley,Texas,1994,excess_rain,heavy_rain_days_25,1.7754,2.1288496969697093,0.3534496969697092,0.23676265737777896,0.6698623860980977,"In Texas Barley 1994, excess rainfall or wetness was the dominant modelled driver; moving heavy_rain_days_25 toward feasible normal levels recovered 0.237 t/ha (67.0%) of the 0.353 t/ha detrended yield shortfall."
02_grouped_driver_scaa,Barley,Washington,1994,heat,max_consecutive_heat_days_30,2.5286,3.2731692277992277,0.7445692277992277,0.4198584152731802,0.5638943963802846,"In Washington Barley 1994, heat exposure was the dominant modelled driver; moving max_consecutive_heat_days_30 toward feasible normal levels recovered 0.420 t/ha (56.4%) of the 0.745 t/ha detrended yield shortfall."
02_grouped_driver_scaa,Oats,Washington,1994,heat,max_consecutive_heat_days_30,2.0803,2.5619428571428564,0.4816428571428566,0.37602761358543507,0.7807187587418207,"In Washington Oats 1994, heat exposure was the dominant modelled driver; moving max_consecutive_heat_days_30 toward feasible normal levels recovered 0.376 t/ha (78.1%) of the 0.482 t/ha detrended yield shortfall."
02_grouped_driver_scaa,Wheat,Minnesota,1994,drought,dry_spell_events_14d,1.883,2.5777693050193022,0.6947693050193022,0.39429700299711734,0.5675221978699287,"In Minnesota Wheat 1994, drought/dry-spell stress was the dominant modelled driver; moving dry_spell_events_14d toward feasible normal levels recovered 0.394 t/ha (56.8%) of the 0.695 t/ha detrended yield shortfall."
02_grouped_driver_scaa,Wheat,Texas,1994,excess_rain,heavy_rain_days_25,1.7485,2.004965555555554,0.25646555555555395,0.1569211048827675,0.6118603511603968,"In Texas Wheat 1994, excess rainfall or wetness was the dominant modelled driver; moving heavy_rain_days_25 toward feasible normal levels recovered 0.157 t/ha (61.2%) of the 0.256 t/ha detrended yield shortfall."
02_grouped_driver_scaa,Oats,Minnesota,1995,excess_rain,wet_days_1mm,1.7216,2.0585443157443137,0.3369443157443137,0.19409175578001084,0.5760351093956282,"In Minnesota Oats 1995, excess rainfall or wetness was the dominant modelled driver; moving wet_days_1mm toward feasible normal levels recovered 0.194 t/ha (57.6%) of the 0.337 t/ha detrended yield shortfall."
02_grouped_driver_scaa,Oats,South Dakota,1995,heat,season_tmax_mean,1.6499,2.0826472114972034,0.4327472114972035,0.2304113607731767,0.5324386955054143,"In South Dakota Oats 1995, heat exposure was the dominant modelled driver; moving season_tmax_mean toward feasible normal levels recovered 0.230 t/ha (53.2%) of the 0.433 t/ha detrended yield shortfall."
02_grouped_driver_scaa,Wheat,Kansas,1995,heat,heatwave_events_3d_30,1.7485,2.4706704633204666,0.7221704633204666,0.4589621532558362,0.6355316044712972,"In Kansas Wheat 1995, heat exposure was the dominant modelled driver; moving heatwave_events_3d_30 toward feasible normal levels recovered 0.459 t/ha (63.6%) of the 0.722 t/ha detrended yield shortfall."
02_grouped_driver_scaa,Wheat,Minnesota,1995,drought,dry_days_1mm,2.152,2.634766023166023,0.4827660231660227,0.26284095900321464,0.5444479238192451,"In Minnesota Wheat 1995, drought/dry-spell stress was the dominant modelled driver; moving dry_days_1mm toward feasible normal levels recovered 0.263 t/ha (54.4%) of the 0.483 t/ha detrended yield shortfall."
02_grouped_driver_scaa,Wheat,Oklahoma,1995,drought,dry_days_2mm,1.4123,1.9478657443157417,0.5355657443157416,0.4393379082476677,0.8203248861799067,"In Oklahoma Wheat 1995, drought/dry-spell stress was the dominant modelled driver; moving dry_days_2mm toward feasible normal levels recovered 0.439 t/ha (82.0%) of the 0.536 t/ha detrended yield shortfall."
02_grouped_driver_scaa,Barley,Oklahoma,1996,heat,heatwave_events_3d_30,1.2374,2.0385309090909054,0.8011309090909053,0.3885928426018406,0.4850553613551147,"In Oklahoma Barley 1996, heat exposure was the dominant modelled driver; moving heatwave_events_3d_30 toward feasible normal levels recovered 0.389 t/ha (48.5%) of the 0.801 t/ha detrended yield shortfall."
02_grouped_driver_scaa,Barley,Texas,1996,excess_rain,wet_days_1mm,1.8292,2.1568909090909187,0.3276909090909188,0.20351214962443803,0.6210491166478256,"In Texas Barley 1996, excess rainfall or wetness was the dominant modelled driver; moving wet_days_1mm toward feasible normal levels recovered 0.204 t/ha (62.1%) of the 0.328 t/ha detrended yield shortfall."
02_grouped_driver_scaa,Oats,Colorado,1996,drought,dry_spell_events_7d,1.8651,2.1762754679803074,0.3111754679803074,0.11504337972582086,0.369705814126393,"In Colorado Oats 1996, drought/dry-spell stress was the dominant modelled driver; moving dry_spell_events_7d toward feasible normal levels recovered 0.115 t/ha (37.0%) of the 0.311 t/ha detrended yield shortfall."
02_grouped_driver_scaa,Oats,Montana,1996,drought,dry_spell_events_7d,1.4347,1.8849992964392968,0.45029929643929667,0.3718764754967323,0.8258428970183028,"In Montana Oats 1996, drought/dry-spell stress was the dominant modelled driver; moving dry_spell_events_7d toward feasible normal levels recovered 0.372 t/ha (82.6%) of the 0.450 t/ha detrended yield shortfall."
02_grouped_driver_scaa,Oats,Texas,1996,excess_rain,wet_days_1mm,1.2195,1.5489525825825794,0.32945258258257937,0.1318554063999658,0.40022574831968544,"In Texas Oats 1996, excess rainfall or wetness was the dominant modelled driver; moving wet_days_1mm toward feasible normal levels recovered 0.132 t/ha (40.0%) of the 0.329 t/ha detrended yield shortfall."
02_grouped_driver_scaa,Wheat,Illinois,1996,drought,max_dry_spell_1mm,2.5555,3.357479699699695,0.8019796996996953,0.2888508856842797,0.3601723158235067,"In Illinois Wheat 1996, drought/dry-spell stress was the dominant modelled driver; moving max_dry_spell_1mm toward feasible normal levels recovered 0.289 t/ha (36.0%) of the 0.802 t/ha detrended yield shortfall."
02_grouped_driver_scaa,Wheat,Kansas,1996,drought,dry_days_1mm,1.9503,2.4885181595881605,0.5382181595881605,0.35846550173087977,0.666022681221262,"In Kansas Wheat 1996, drought/dry-spell stress was the dominant modelled driver; moving dry_days_1mm toward feasible normal levels recovered 0.358 t/ha (66.6%) of the 0.538 t/ha detrended yield shortfall."
02_grouped_driver_scaa,Wheat,Oklahoma,1996,drought,max_dry_spell_1mm,1.2778,1.9590427069927046,0.6812427069927045,0.593101617786757,0.870617199566011,"In Oklahoma Wheat 1996, drought/dry-spell stress was the dominant modelled driver; moving max_dry_spell_1mm toward feasible normal levels recovered 0.593 t/ha (87.1%) of the 0.681 t/ha detrended yield shortfall."
02_grouped_driver_scaa,Wheat,Texas,1996,drought,dry_spell_events_14d,1.7485,2.01651222222222,0.2680122222222199,0.14911465195249124,0.5563725815043398,"In Texas Wheat 1996, drought/dry-spell stress was the dominant modelled driver; moving dry_spell_events_14d toward feasible normal levels recovered 0.149 t/ha (55.6%) of the 0.268 t/ha detrended yield shortfall."
02_grouped_driver_scaa,Barley,North Dakota,1997,drought,dry_days_1mm,2.421,2.83226297297297,0.41126297297297,0.21232543012182856,0.516276553143002,"In North Dakota Barley 1997, drought/dry-spell stress was the dominant modelled driver; moving dry_days_1mm toward feasible normal levels recovered 0.212 t/ha (51.6%) of the 0.411 t/ha detrended yield shortfall."
02_grouped_driver_scaa,Oats,North Dakota,1997,drought,dry_days_1mm,1.5782,1.9664893093093028,0.3882893093093027,0.19259840211770107,0.4960177823600119,"In North Dakota Oats 1997, drought/dry-spell stress was the dominant modelled driver; moving dry_days_1mm toward feasible normal levels recovered 0.193 t/ha (49.6%) of the 0.388 t/ha detrended yield shortfall."
02_grouped_driver_scaa,Wheat,Minnesota,1997,frost_cold,min_tmin,2.152,2.748759459459464,0.5967594594594638,0.25581393516020556,0.42867177236187953,"In Minnesota Wheat 1997, frost/cold stress was the dominant modelled driver; moving min_tmin toward feasible normal levels recovered 0.256 t/ha (42.9%) of the 0.597 t/ha detrended yield shortfall."
02_grouped_driver_scaa,Wheat,North Dakota,1997,drought,dry_days_1mm,1.6342,2.1632779879879678,0.5290779879879677,0.2230337822853548,0.4215518077656768,"In North Dakota Wheat 1997, drought/dry-spell stress was the dominant modelled driver; moving dry_days_1mm toward feasible normal levels recovered 0.223 t/ha (42.2%) of the 0.529 t/ha detrended yield shortfall."
02_grouped_driver_scaa,Wheat,South Dakota,1997,drought,hot_dry_days_30_1mm,1.9301,2.3631684384384357,0.4330684384384358,0.2946214975435058,0.6803116352829962,"In South Dakota Wheat 1997, drought/dry-spell stress was the dominant modelled driver; moving hot_dry_days_30_1mm toward feasible normal levels recovered 0.295 t/ha (68.0%) of the 0.433 t/ha detrended yield shortfall."
02_grouped_driver_scaa,Oats,Illinois,1998,excess_rain,heavy_rain_days_20,2.0086,2.383922436722422,0.37532243672242194,0.15813087200292528,0.42132006118215226,"In Illinois Oats 1998, excess rainfall or wetness was the dominant modelled driver; moving heavy_rain_days_20 toward feasible normal levels recovered 0.158 t/ha (42.1%) of the 0.375 t/ha detrended yield shortfall."
02_grouped_driver_scaa,Barley,Minnesota,1999,drought,dry_days_1mm,2.5286,3.096537378807369,0.5679373788073692,0.28174025269979747,0.4960762633574732,"In Minnesota Barley 1999, drought/dry-spell stress was the dominant modelled driver; moving dry_days_1mm toward feasible normal levels recovered 0.282 t/ha (49.6%) of the 0.568 t/ha detrended yield shortfall."
02_grouped_driver_scaa,Barley,Texas,1999,heat,heatwave_events_3d_30,1.883,2.1989527272727294,0.3159527272727294,0.11259445368795984,0.3563648735045375,"In Texas Barley 1999, heat exposure was the dominant modelled driver; moving heatwave_events_3d_30 toward feasible normal levels recovered 0.113 t/ha (35.6%) of the 0.316 t/ha detrended yield shortfall."
02_grouped_driver_scaa,Barley,Montana,2000,drought,max_dry_spell_1mm,2.152,2.627072136422136,0.47507213642213575,0.28926676681194274,0.60889019716136,"In Montana Barley 2000, drought/dry-spell stress was the dominant modelled driver; moving max_dry_spell_1mm toward feasible normal levels recovered 0.289 t/ha (60.9%) of the 0.475 t/ha detrended yield shortfall."
02_grouped_driver_scaa,Barley,Nebraska,2000,heat,max_consecutive_heat_days_35,1.4526,2.389104285714275,0.9365042857142751,0.6119892223535656,0.6534825645638122,"In Nebraska Barley 2000, heat exposure was the dominant modelled driver; moving max_consecutive_heat_days_35 toward feasible normal levels recovered 0.612 t/ha (65.3%) of the 0.937 t/ha detrended yield shortfall."
02_grouped_driver_scaa,Oats,Nebraska,2000,heat,max_consecutive_heat_days_35,1.5064,2.106429965679963,0.600029965679963,0.3643842130502836,0.6072766926521044,"In Nebraska Oats 2000, heat exposure was the dominant modelled driver; moving max_consecutive_heat_days_35 toward feasible normal levels recovered 0.364 t/ha (60.7%) of the 0.600 t/ha detrended yield shortfall."
02_grouped_driver_scaa,Barley,Montana,2001,drought,dry_spell_events_14d,2.2058,2.6370569626769615,0.43125696267696156,0.27951145879291917,0.6481320488320805,"In Montana Barley 2001, drought/dry-spell stress was the dominant modelled driver; moving dry_spell_events_14d toward feasible normal levels recovered 0.280 t/ha (64.8%) of the 0.431 t/ha detrended yield shortfall."
02_grouped_driver_scaa,Barley,Washington,2001,heat,max_consecutive_heat_days_30,2.69,3.330364813384813,0.6403648133848132,0.3300424935038861,0.5153976086839648,"In Washington Barley 2001, heat exposure was the dominant modelled driver; moving max_consecutive_heat_days_30 toward feasible normal levels recovered 0.330 t/ha (51.5%) of the 0.640 t/ha detrended yield shortfall."
02_grouped_driver_scaa,Canola,Montana,2001,drought,dry_spell_events_14d,1.02,1.3948650183150235,0.3748650183150235,0.22096956135385995,0.589464341983932,"In Montana Canola 2001, drought/dry-spell stress was the dominant modelled driver; moving dry_spell_events_14d toward feasible normal levels recovered 0.221 t/ha (58.9%) of the 0.375 t/ha detrended yield shortfall."
02_grouped_driver_scaa,Oats,Washington,2001,heat,max_consecutive_heat_days_30,1.9727,2.4758611330049263,0.5031611330049264,0.28235589786341386,0.5611639678469548,"In Washington Oats 2001, heat exposure was the dominant modelled driver; moving max_consecutive_heat_days_30 toward feasible normal levels recovered 0.282 t/ha (56.1%) of the 0.503 t/ha detrended yield shortfall."
02_grouped_driver_scaa,Wheat,Montana,2001,drought,dry_spell_events_14d,1.54,2.152728283998286,0.6127282839982859,0.3031887680534122,0.49481764751414736,"In Montana Wheat 2001, drought/dry-spell stress was the dominant modelled driver; moving dry_spell_events_14d toward feasible normal levels recovered 0.303 t/ha (49.5%) of the 0.613 t/ha detrended yield shortfall."
02_grouped_driver_scaa,Barley,Minnesota,2002,drought,dry_days_1mm,2.2058,3.161413401973398,0.9556134019733982,0.405627553955427,0.42446825580070574,"In Minnesota Barley 2002, drought/dry-spell stress was the dominant modelled driver; moving dry_days_1mm toward feasible normal levels recovered 0.406 t/ha (42.4%) of the 0.956 t/ha detrended yield shortfall."
02_grouped_driver_scaa,Barley,Montana,2002,heat,heatwave_events_3d_35,2.2596,2.647041788931787,0.3874417889317874,0.3874417889317874,1.0,"In Montana Barley 2002, heat exposure was the dominant modelled driver; moving heatwave_events_3d_35 toward feasible normal levels recovered 0.387 t/ha (100.0%) of the 0.387 t/ha detrended yield shortfall."
02_grouped_driver_scaa,Barley,Nebraska,2002,drought,dry_spell_events_14d,1.7216,2.425227142857139,0.703627142857139,0.47496808223464126,0.675028084200948,"In Nebraska Barley 2002, drought/dry-spell stress was the dominant modelled driver; moving dry_spell_events_14d toward feasible normal levels recovered 0.475 t/ha (67.5%) of the 0.704 t/ha detrended yield shortfall."
02_grouped_driver_scaa,Barley,North Dakota,2002,drought,max_dry_spell_1mm,2.421,3.003649652509651,0.5826496525096512,0.42286836633509606,0.7257678169268136,"In North Dakota Barley 2002, drought/dry-spell stress was the dominant modelled driver; moving max_dry_spell_1mm toward feasible normal levels recovered 0.423 t/ha (72.6%) of the 0.583 t/ha detrended yield shortfall."
02_grouped_driver_scaa,Barley,South Dakota,2002,excess_rain,wet_days_1mm,1.883,2.4424528505002376,0.5594528505002376,0.36316129180652273,0.6491365473994818,"In South Dakota Barley 2002, excess rainfall or wetness was the dominant modelled driver; moving wet_days_1mm toward feasible normal levels recovered 0.363 t/ha (64.9%) of the 0.559 t/ha detrended yield shortfall."
02_grouped_driver_scaa,Canola,Minnesota,2002,drought,dry_days_1mm,0.9976,1.486950837438414,0.4893508374384139,0.36459189702483275,0.7450521571258527,"In Minnesota Canola 2002, drought/dry-spell stress was the dominant modelled driver; moving dry_days_1mm toward feasible normal levels recovered 0.365 t/ha (74.5%) of the 0.489 t/ha detrended yield shortfall."
02_grouped_driver_scaa,Canola,Montana,2002,heat,heatwave_events_3d_35,1.0088,1.3980328449328505,0.3892328449328506,0.3508637559171187,0.9014238147801961,"In Montana Canola 2002, heat exposure was the dominant modelled driver; moving heatwave_events_3d_35 toward feasible normal levels recovered 0.351 t/ha (90.1%) of the 0.389 t/ha detrended yield shortfall."
02_grouped_driver_scaa,Canola,North Dakota,2002,drought,max_dry_spell_1mm,1.3562,1.6189015126050492,0.26270151260504915,0.26270151260504915,1.0,"In North Dakota Canola 2002, drought/dry-spell stress was the dominant modelled driver; moving max_dry_spell_1mm toward feasible normal levels recovered 0.263 t/ha (100.0%) of the 0.263 t/ha detrended yield shortfall."
02_grouped_driver_scaa,Oats,Colorado,2002,drought,max_dry_spell_1mm,1.7934,2.252713694581292,0.4593136945812919,0.2554632114711504,0.5561846173648913,"In Colorado Oats 2002, drought/dry-spell stress was the dominant modelled driver; moving max_dry_spell_1mm toward feasible normal levels recovered 0.255 t/ha (55.6%) of the 0.459 t/ha detrended yield shortfall."
02_grouped_driver_scaa,Oats,Nebraska,2002,drought,dry_spell_events_14d,1.5423,2.1177938266838243,0.5754938266838243,0.4036520143578731,0.7014011195981762,"In Nebraska Oats 2002, drought/dry-spell stress was the dominant modelled driver; moving dry_spell_events_14d toward feasible normal levels recovered 0.404 t/ha (70.1%) of the 0.575 t/ha detrended yield shortfall."
02_grouped_driver_scaa,Oats,North Dakota,2002,drought,max_dry_spell_1mm,1.5064,2.095646516516503,0.5892465165165028,0.4023742964973933,0.6828624102457874,"In North Dakota Oats 2002, drought/dry-spell stress was the dominant modelled driver; moving max_dry_spell_1mm toward feasible normal levels recovered 0.402 t/ha (68.3%) of the 0.589 t/ha detrended yield shortfall."
02_grouped_driver_scaa,Oats,South Dakota,2002,drought,dry_spell_events_7d,1.614,2.3005976619476556,0.6865976619476555,0.35509974473036154,0.5171875239467878,"In South Dakota Oats 2002, drought/dry-spell stress was the dominant modelled driver; moving dry_spell_events_7d toward feasible normal levels recovered 0.355 t/ha (51.7%) of the 0.687 t/ha detrended yield shortfall."
02_grouped_driver_scaa,Wheat,Colorado,2002,drought,dry_days_2mm,1.5333,2.288568871728872,0.7552688717288718,0.47070131828641076,0.6232235113952693,"In Colorado Wheat 2002, drought/dry-spell stress was the dominant modelled driver; moving dry_days_2mm toward feasible normal levels recovered 0.471 t/ha (62.3%) of the 0.755 t/ha detrended yield shortfall."
02_grouped_driver_scaa,Wheat,Illinois,2002,drought,max_dry_spell_1mm,3.2953,3.7840975375375194,0.4887975375375193,0.19874648331026173,0.4066028734750045,"In Illinois Wheat 2002, drought/dry-spell stress was the dominant modelled driver; moving max_dry_spell_1mm toward feasible normal levels recovered 0.199 t/ha (40.7%) of the 0.489 t/ha detrended yield shortfall."
02_grouped_driver_scaa,Wheat,Minnesota,2002,drought,dry_days_1mm,2.2865,3.0337430501930527,0.7472430501930525,0.3944718564155685,0.5279030113611033,"In Minnesota Wheat 2002, drought/dry-spell stress was the dominant modelled driver; moving dry_days_1mm toward feasible normal levels recovered 0.394 t/ha (52.8%) of the 0.747 t/ha detrended yield shortfall."
02_grouped_driver_scaa,Wheat,Montana,2002,heat,heatwave_events_3d_35,1.5535,2.163399146289148,0.6098991462891479,0.467937445057543,0.7672374160623893,"In Montana Wheat 2002, heat exposure was the dominant modelled driver; moving heatwave_events_3d_35 toward feasible normal levels recovered 0.468 t/ha (76.7%) of the 0.610 t/ha detrended yield shortfall."
02_grouped_driver_scaa,Wheat,Nebraska,2002,drought,dry_spell_events_14d,2.2193,2.659434118404114,0.4401341184041141,0.26198341395765457,0.5952354134861946,"In Nebraska Wheat 2002, drought/dry-spell stress was the dominant modelled driver; moving dry_spell_events_14d toward feasible normal levels recovered 0.262 t/ha (59.5%) of the 0.440 t/ha detrended yield shortfall."
02_grouped_driver_scaa,Wheat,North Dakota,2002,drought,max_dry_spell_1mm,1.836,2.3639458773058664,0.5279458773058663,0.4092268635161808,0.7751303326857776,"In North Dakota Wheat 2002, drought/dry-spell stress was the dominant modelled driver; moving max_dry_spell_1mm toward feasible normal levels recovered 0.409 t/ha (77.5%) of the 0.528 t/ha detrended yield shortfall."
02_grouped_driver_scaa,Wheat,South Dakota,2002,drought,dry_spell_events_7d,1.7754,2.548265478335466,0.772865478335466,0.3672342974816711,0.4751594006664524,"In South Dakota Wheat 2002, drought/dry-spell stress was the dominant modelled driver; moving dry_spell_events_7d toward feasible normal levels recovered 0.367 t/ha (47.5%) of the 0.773 t/ha detrended yield shortfall."
02_grouped_driver_scaa,Barley,Montana,2003,drought,dry_spell_events_14d,2.152,2.657026615186613,0.5050266151866127,0.24436900783784005,0.483873523670714,"In Montana Barley 2003, drought/dry-spell stress was the dominant modelled driver; moving dry_spell_events_14d toward feasible normal levels recovered 0.244 t/ha (48.4%) of the 0.505 t/ha detrended yield shortfall."
02_grouped_driver_scaa,Barley,Washington,2003,drought,dry_days_2mm,2.5286,3.3467064092664085,0.8181064092664085,0.5047554338529696,0.6169801729161137,"In Washington Barley 2003, drought/dry-spell stress was the dominant modelled driver; moving dry_days_2mm toward feasible normal levels recovered 0.505 t/ha (61.7%) of the 0.818 t/ha detrended yield shortfall."
02_grouped_driver_scaa,Canola,Montana,2003,drought,dry_spell_events_14d,1.0536,1.4012006715506766,0.34760067155067653,0.2071904193767108,0.5960587430755426,"In Montana Canola 2003, drought/dry-spell stress was the dominant modelled driver; moving dry_spell_events_14d toward feasible normal levels recovered 0.207 t/ha (59.6%) of the 0.348 t/ha detrended yield shortfall."
02_grouped_driver_scaa,Oats,Washington,2003,drought,dry_days_2mm,1.7934,2.4512663546798024,0.6578663546798023,0.3901904276815469,0.5931150375845881,"In Washington Oats 2003, drought/dry-spell stress was the dominant modelled driver; moving dry_days_2mm toward feasible normal levels recovered 0.390 t/ha (59.3%) of the 0.658 t/ha detrended yield shortfall."
02_grouped_driver_scaa,Barley,Kansas,2004,heat,heatwave_events_3d_30,1.5064,2.216517285984761,0.7101172859847609,0.5781939503404154,0.8142231737657256,"In Kansas Barley 2004, heat exposure was the dominant modelled driver; moving heatwave_events_3d_30 toward feasible normal levels recovered 0.578 t/ha (81.4%) of the 0.710 t/ha detrended yield shortfall."
02_grouped_driver_scaa,Oats,Colorado,2004,drought,dry_spell_events_14d,1.9727,2.278193103448288,0.3054931034482882,0.1460468619356374,0.4780692601146043,"In Colorado Oats 2004, drought/dry-spell stress was the dominant modelled driver; moving dry_spell_events_14d toward feasible normal levels recovered 0.146 t/ha (47.8%) of the 0.305 t/ha detrended yield shortfall."
02_grouped_driver_scaa,Wheat,Colorado,2004,drought,dry_spell_events_14d,1.8427,2.3067145345345335,0.46401453453453345,0.24281112450069478,0.5232834457314267,"In Colorado Wheat 2004, drought/dry-spell stress was the dominant modelled driver; moving dry_spell_events_14d toward feasible normal levels recovered 0.243 t/ha (52.3%) of the 0.464 t/ha detrended yield shortfall."
02_grouped_driver_scaa,Barley,Minnesota,2005,heat,heat_degree_days_30,2.3134,3.22628942513942,0.91288942513942,0.5424349030997178,0.5941956256277972,"In Minnesota Barley 2005, heat exposure was the dominant modelled driver; moving heat_degree_days_30 toward feasible normal levels recovered 0.542 t/ha (59.4%) of the 0.913 t/ha detrended yield shortfall."
02_grouped_driver_scaa,Canola,Minnesota,2005,heat,heat_degree_days_30,0.9191,1.612920098522153,0.693820098522153,0.43432588176997555,0.6259920730101305,"In Minnesota Canola 2005, heat exposure was the dominant modelled driver; moving heat_degree_days_30 toward feasible normal levels recovered 0.434 t/ha (62.6%) of the 0.694 t/ha detrended yield shortfall."
02_grouped_driver_scaa,Wheat,Colorado,2005,excess_rain,max_7day_rain,1.6409,2.315787365937366,0.674887365937366,0.36243149741447966,0.537025162578189,"In Colorado Wheat 2005, excess rainfall or wetness was the dominant modelled driver; moving max_7day_rain toward feasible normal levels recovered 0.362 t/ha (53.7%) of the 0.675 t/ha detrended yield shortfall."
02_grouped_driver_scaa,Barley,Kansas,2006,heat,heat_degree_days_35,1.4526,2.2455274300742367,0.7929274300742368,0.6299416928204935,0.7944506255276299,"In Kansas Barley 2006, heat exposure was the dominant modelled driver; moving heat_degree_days_35 toward feasible normal levels recovered 0.630 t/ha (79.4%) of the 0.793 t/ha detrended yield shortfall."
02_grouped_driver_scaa,Barley,North Dakota,2006,drought,dry_spell_events_14d,2.6362,3.140758996138999,0.5045589961389987,0.3530619532571032,0.6997436493231007,"In North Dakota Barley 2006, drought/dry-spell stress was the dominant modelled driver; moving dry_spell_events_14d toward feasible normal levels recovered 0.353 t/ha (70.0%) of the 0.505 t/ha detrended yield shortfall."
02_grouped_driver_scaa,Oats,Nebraska,2006,drought,max_dry_spell_1mm,1.614,2.140521548691547,0.5265215486915469,0.3376325681288996,0.6412511870937604,"In Nebraska Oats 2006, drought/dry-spell stress was the dominant modelled driver; moving max_dry_spell_1mm toward feasible normal levels recovered 0.338 t/ha (64.1%) of the 0.527 t/ha detrended yield shortfall."
02_grouped_driver_scaa,Oats,North Dakota,2006,drought,dry_spell_events_14d,1.4706,2.19897228228227,0.72837228228227,0.42883820949073576,0.5887623951683347,"In North Dakota Oats 2006, drought/dry-spell stress was the dominant modelled driver; moving dry_spell_events_14d toward feasible normal levels recovered 0.429 t/ha (58.9%) of the 0.728 t/ha detrended yield shortfall."
02_grouped_driver_scaa,Oats,Oklahoma,2006,heat,season_tmax_mean,1.076,1.4158574942704352,0.3398574942704351,0.18831519009622025,0.5541004487791934,"In Oklahoma Oats 2006, heat exposure was the dominant modelled driver; moving season_tmax_mean toward feasible normal levels recovered 0.188 t/ha (55.4%) of the 0.340 t/ha detrended yield shortfall."
02_grouped_driver_scaa,Oats,South Dakota,2006,drought,rain_mean,2.0444,2.425140776490764,0.380740776490764,0.31569480060877386,0.8291594179076115,"In South Dakota Oats 2006, drought/dry-spell stress was the dominant modelled driver; moving rain_mean toward feasible normal levels recovered 0.316 t/ha (82.9%) of the 0.381 t/ha detrended yield shortfall."
02_grouped_driver_scaa,Oats,Texas,2006,drought,dry_spell_events_14d,1.3271,1.6211435735735709,0.2940435735735709,0.17725078404292616,0.6028044819642259,"In Texas Oats 2006, drought/dry-spell stress was the dominant modelled driver; moving dry_spell_events_14d toward feasible normal levels recovered 0.177 t/ha (60.3%) of the 0.294 t/ha detrended yield shortfall."
02_grouped_driver_scaa,Wheat,Colorado,2006,drought,dry_days_2mm,1.4526,2.324860197340195,0.8722601973401951,0.598522910438815,0.6861747357771293,"In Colorado Wheat 2006, drought/dry-spell stress was the dominant modelled driver; moving dry_days_2mm toward feasible normal levels recovered 0.599 t/ha (68.6%) of the 0.872 t/ha detrended yield shortfall."
02_grouped_driver_scaa,Wheat,Kansas,2006,drought,hot_dry_days_30_1mm,2.152,2.6669951222651207,0.5149951222651206,0.31221667359056227,0.6062517101469409,"In Kansas Wheat 2006, drought/dry-spell stress was the dominant modelled driver; moving hot_dry_days_30_1mm toward feasible normal levels recovered 0.312 t/ha (60.6%) of the 0.515 t/ha detrended yield shortfall."
02_grouped_driver_scaa,Wheat,North Dakota,2006,drought,dry_spell_events_14d,2.0377,2.5244801887601795,0.4867801887601795,0.36432918529963526,0.7484470274510868,"In North Dakota Wheat 2006, drought/dry-spell stress was the dominant modelled driver; moving dry_spell_events_14d toward feasible normal levels recovered 0.364 t/ha (74.8%) of the 0.487 t/ha detrended yield shortfall."
02_grouped_driver_scaa,Wheat,Oklahoma,2006,drought,dry_spell_events_14d,1.614,2.07081233376233,0.45681233376232977,0.2853604879584922,0.6246777218299879,"In Oklahoma Wheat 2006, drought/dry-spell stress was the dominant modelled driver; moving dry_spell_events_14d toward feasible normal levels recovered 0.285 t/ha (62.5%) of the 0.457 t/ha detrended yield shortfall."
02_grouped_driver_scaa,Wheat,South Dakota,2006,drought,rain_mean,2.1924,2.6963431102531104,0.5039431102531102,0.36149263056572645,0.7173282523580158,"In South Dakota Wheat 2006, drought/dry-spell stress was the dominant modelled driver; moving rain_mean toward feasible normal levels recovered 0.361 t/ha (71.7%) of the 0.504 t/ha detrended yield shortfall."
02_grouped_driver_scaa,Wheat,Texas,2006,drought,max_dry_spell_1mm,1.614,2.074245555555553,0.4602455555555529,0.2987374653601889,0.6490827814721406,"In Texas Wheat 2006, drought/dry-spell stress was the dominant modelled driver; moving max_dry_spell_1mm toward feasible normal levels recovered 0.299 t/ha (64.9%) of the 0.460 t/ha detrended yield shortfall."
02_grouped_driver_scaa,Canola,North Dakota,2007,excess_rain,heavy_rain_days_20,1.3786,1.7255859663865607,0.34698596638656065,0.24153588235735157,0.6960969772716049,"In North Dakota Canola 2007, excess rainfall or wetness was the dominant modelled driver; moving heavy_rain_days_20 toward feasible normal levels recovered 0.242 t/ha (69.6%) of the 0.347 t/ha detrended yield shortfall."
02_grouped_driver_scaa,Oats,Colorado,2007,drought,dry_spell_events_7d,1.9727,2.3164122167487804,0.3437122167487805,0.16909705494602317,0.49197278044270487,"In Colorado Oats 2007, drought/dry-spell stress was the dominant modelled driver; moving dry_spell_events_7d toward feasible normal levels recovered 0.169 t/ha (49.2%) of the 0.344 t/ha detrended yield shortfall."
02_grouped_driver_scaa,Oats,Illinois,2007,drought,dry_days_2mm,2.2238,2.59559328614327,0.3717932861432698,0.26615358537887346,0.7158644206294562,"In Illinois Oats 2007, drought/dry-spell stress was the dominant modelled driver; moving dry_days_2mm toward feasible normal levels recovered 0.266 t/ha (71.6%) of the 0.372 t/ha detrended yield shortfall."
02_grouped_driver_scaa,Oats,Oklahoma,2007,drought,rain_sum,1.1119,1.4218895645530942,0.3099895645530941,0.2861401100633047,0.9230636859528716,"In Oklahoma Oats 2007, drought/dry-spell stress was the dominant modelled driver; moving rain_sum toward feasible normal levels recovered 0.286 t/ha (92.3%) of the 0.310 t/ha detrended yield shortfall."
02_grouped_driver_scaa,Oats,Texas,2007,drought,rain_mean,1.4347,1.6283626726726688,0.19366267267266868,0.1379352927258298,0.7122451158100557,"In Texas Oats 2007, drought/dry-spell stress was the dominant modelled driver; moving rain_mean toward feasible normal levels recovered 0.138 t/ha (71.2%) of the 0.194 t/ha detrended yield shortfall."
02_grouped_driver_scaa,Oats,Washington,2007,drought,dry_spell_events_7d,1.7934,2.402076798029558,0.608676798029558,0.2347600394540997,0.38568915426722,"In Washington Oats 2007, drought/dry-spell stress was the dominant modelled driver; moving dry_spell_events_7d toward feasible normal levels recovered 0.235 t/ha (38.6%) of the 0.609 t/ha detrended yield shortfall."
02_grouped_driver_scaa,Wheat,Illinois,2007,drought,dry_spell_events_14d,3.6988,4.139612402402378,0.44081240240237785,0.10315831714749463,0.23401863601226608,"In Illinois Wheat 2007, drought/dry-spell stress was the dominant modelled driver; moving dry_spell_events_14d toward feasible normal levels recovered 0.103 t/ha (23.4%) of the 0.441 t/ha detrended yield shortfall."
02_grouped_driver_scaa,Wheat,Kansas,2007,heat,heat_days_30,2.2193,2.6848428185328217,0.46554281853282165,0.39348964632752,0.8452276152978144,"In Kansas Wheat 2007, heat exposure was the dominant modelled driver; moving heat_days_30 toward feasible normal levels recovered 0.393 t/ha (84.5%) of the 0.466 t/ha detrended yield shortfall."
02_grouped_driver_scaa,Oats,North Dakota,2008,excess_rain,max_1day_rain,1.8292,2.250635165165157,0.4214351651651571,0.1725596931352378,0.409457272194201,"In North Dakota Oats 2008, excess rainfall or wetness was the dominant modelled driver; moving max_1day_rain toward feasible normal levels recovered 0.173 t/ha (40.9%) of the 0.421 t/ha detrended yield shortfall."
02_grouped_driver_scaa,Oats,Illinois,2009,excess_rain,heavy_rain_days_10,2.3314,2.642631252681241,0.3112312526812411,0.15914232542845083,0.5113314426409558,"In Illinois Oats 2009, excess rainfall or wetness was the dominant modelled driver; moving heavy_rain_days_10 toward feasible normal levels recovered 0.159 t/ha (51.1%) of the 0.311 t/ha detrended yield shortfall."
02_grouped_driver_scaa,Wheat,Illinois,2009,drought,rain_sum,3.7661,4.281818348348338,0.5157183483483383,0.3182309273973669,0.6170634192414269,"In Illinois Wheat 2009, drought/dry-spell stress was the dominant modelled driver; moving rain_sum toward feasible normal levels recovered 0.318 t/ha (61.7%) of the 0.516 t/ha detrended yield shortfall."
02_grouped_driver_scaa,Wheat,Oklahoma,2009,drought,dry_spell_events_7d,1.4795,2.1043432217932185,0.6248432217932185,0.3939621341609345,0.6304975719034202,"In Oklahoma Wheat 2009, drought/dry-spell stress was the dominant modelled driver; moving dry_spell_events_7d toward feasible normal levels recovered 0.394 t/ha (63.0%) of the 0.625 t/ha detrended yield shortfall."
02_grouped_driver_scaa,Wheat,Texas,2009,drought,dry_spell_events_14d,1.6813,2.091565555555553,0.4102655555555528,0.33850619664774895,0.8250904616873519,"In Texas Wheat 2009, drought/dry-spell stress was the dominant modelled driver; moving dry_spell_events_14d toward feasible normal levels recovered 0.339 t/ha (82.5%) of the 0.410 t/ha detrended yield shortfall."
02_grouped_driver_scaa,Oats,Illinois,2010,heat,season_tmean_mean,2.3314,2.6661502359502194,0.33475023595021947,0.14511196286889047,0.43349323550729324,"In Illinois Oats 2010, heat exposure was the dominant modelled driver; moving season_tmean_mean toward feasible normal levels recovered 0.145 t/ha (43.3%) of the 0.335 t/ha detrended yield shortfall."
02_grouped_driver_scaa,Oats,Iowa,2010,drought,rain_sum,2.2238,2.5357452166452106,0.31194521664521035,0.18389166034658244,0.5894998561742041,"In Iowa Oats 2010, drought/dry-spell stress was the dominant modelled driver; moving rain_sum toward feasible normal levels recovered 0.184 t/ha (58.9%) of the 0.312 t/ha detrended yield shortfall."
02_grouped_driver_scaa,Oats,Oklahoma,2010,excess_rain,heavy_rain_days_50,1.1836,1.4399857754010696,0.25638577540106966,0.10308376875860156,0.40206508569886706,"In Oklahoma Oats 2010, excess rainfall or wetness was the dominant modelled driver; moving heavy_rain_days_50 toward feasible normal levels recovered 0.103 t/ha (40.2%) of the 0.256 t/ha detrended yield shortfall."
02_grouped_driver_scaa,Wheat,Illinois,2010,drought,rain_sum,3.8333,4.352921321321304,0.5196213213213041,0.28404325364710814,0.5466351013558045,"In Illinois Wheat 2010, drought/dry-spell stress was the dominant modelled driver; moving rain_sum toward feasible normal levels recovered 0.284 t/ha (54.7%) of the 0.520 t/ha detrended yield shortfall."
02_grouped_driver_scaa,Barley,Kansas,2011,heat,heat_days_40,1.5602,2.3180527902979335,0.7578527902979335,0.4059653063099464,0.535678315772051,"In Kansas Barley 2011, heat exposure was the dominant modelled driver; moving heat_days_40 toward feasible normal levels recovered 0.406 t/ha (53.6%) of the 0.758 t/ha detrended yield shortfall."
02_grouped_driver_scaa,Barley,Minnesota,2011,excess_rain,heavy_rain_days_10,2.7438,3.356041471471464,0.6122414714714641,0.3151047401149819,0.5146739559436535,"In Minnesota Barley 2011, excess rainfall or wetness was the dominant modelled driver; moving heavy_rain_days_10 toward feasible normal levels recovered 0.315 t/ha (51.5%) of the 0.612 t/ha detrended yield shortfall."
02_grouped_driver_scaa,Barley,North Dakota,2011,excess_rain,wet_days_1mm,2.5286,3.31214567567568,0.78354567567568,0.4590798124287946,0.5859005118405042,"In North Dakota Barley 2011, excess rainfall or wetness was the dominant modelled driver; moving wet_days_1mm toward feasible normal levels recovered 0.459 t/ha (58.6%) of the 0.784 t/ha detrended yield shortfall."
02_grouped_driver_scaa,Barley,South Dakota,2011,excess_rain,max_3day_rain,1.7754,2.4609163282927105,0.6855163282927104,0.560239141431563,0.8172513451675874,"In South Dakota Barley 2011, excess rainfall or wetness was the dominant modelled driver; moving max_3day_rain toward feasible normal levels recovered 0.560 t/ha (81.7%) of the 0.686 t/ha detrended yield shortfall."
02_grouped_driver_scaa,Oats,Kansas,2011,heat,heat_days_40,1.363,1.866915285285284,0.503915285285284,0.3391103405654847,0.6729510901291723,"In Kansas Oats 2011, heat exposure was the dominant modelled driver; moving heat_days_40 toward feasible normal levels recovered 0.339 t/ha (67.3%) of the 0.504 t/ha detrended yield shortfall."
02_grouped_driver_scaa,Oats,Minnesota,2011,drought,dry_spell_events_14d,1.9368,2.349093813813809,0.41229381381380903,0.2357768455979267,0.5718660763229472,"In Minnesota Oats 2011, drought/dry-spell stress was the dominant modelled driver; moving dry_spell_events_14d toward feasible normal levels recovered 0.236 t/ha (57.2%) of the 0.412 t/ha detrended yield shortfall."
02_grouped_driver_scaa,Oats,North Dakota,2011,excess_rain,wet_days_1mm,1.8651,2.328129489489477,0.4630294894894771,0.3155630179027181,0.6815181863484522,"In North Dakota Oats 2011, excess rainfall or wetness was the dominant modelled driver; moving wet_days_1mm toward feasible normal levels recovered 0.316 t/ha (68.2%) of the 0.463 t/ha detrended yield shortfall."
02_grouped_driver_scaa,Oats,South Dakota,2011,excess_rain,max_3day_rain,2.0086,2.5808196696696584,0.5722196696696584,0.5247838820210251,0.9171021372333846,"In South Dakota Oats 2011, excess rainfall or wetness was the dominant modelled driver; moving max_3day_rain toward feasible normal levels recovered 0.525 t/ha (91.7%) of the 0.572 t/ha detrended yield shortfall."
02_grouped_driver_scaa,Oats,Texas,2011,drought,hot_dry_days_30_1mm,1.2554,1.6572390690690657,0.40183906906906564,0.2654806516914572,0.6606641118955708,"In Texas Oats 2011, drought/dry-spell stress was the dominant modelled driver; moving hot_dry_days_30_1mm toward feasible normal levels recovered 0.265 t/ha (66.1%) of the 0.402 t/ha detrended yield shortfall."
02_grouped_driver_scaa,Wheat,Iowa,2011,drought,dry_spell_events_14d,3.0263,3.602810000000005,0.5765100000000052,0.18720461872943017,0.32472050567974275,"In Iowa Wheat 2011, drought/dry-spell stress was the dominant modelled driver; moving dry_spell_events_14d toward feasible normal levels recovered 0.187 t/ha (32.5%) of the 0.577 t/ha detrended yield shortfall."
02_grouped_driver_scaa,Wheat,North Dakota,2011,excess_rain,wet_days_1mm,2.0377,2.725148078078064,0.6874480780780639,0.4115891580835871,0.5987203560657111,"In North Dakota Wheat 2011, excess rainfall or wetness was the dominant modelled driver; moving wet_days_1mm toward feasible normal levels recovered 0.412 t/ha (59.9%) of the 0.687 t/ha detrended yield shortfall."
02_grouped_driver_scaa,Wheat,Oklahoma,2011,drought,dry_spell_events_14d,1.5468,2.1266971471471443,0.5798971471471444,0.41598316496932775,0.7173395610166284,"In Oklahoma Wheat 2011, drought/dry-spell stress was the dominant modelled driver; moving dry_spell_events_14d toward feasible normal levels recovered 0.416 t/ha (71.7%) of the 0.580 t/ha detrended yield shortfall."
02_grouped_driver_scaa,Wheat,Texas,2011,drought,max_dry_spell_1mm,1.6813,2.1031122222222205,0.4218122222222205,0.24521151115876733,0.581328606048746,"In Texas Wheat 2011, drought/dry-spell stress was the dominant modelled driver; moving max_dry_spell_1mm toward feasible normal levels recovered 0.245 t/ha (58.1%) of the 0.422 t/ha detrended yield shortfall."
02_grouped_driver_scaa,Barley,South Dakota,2012,drought,max_dry_spell_1mm,1.883,2.462967825825208,0.5799678258252081,0.3021328661054488,0.5209476330442272,"In South Dakota Barley 2012, drought/dry-spell stress was the dominant modelled driver; moving max_dry_spell_1mm toward feasible normal levels recovered 0.302 t/ha (52.1%) of the 0.580 t/ha detrended yield shortfall."
02_grouped_driver_scaa,Canola,North Dakota,2012,drought,hot_dry_days_30_1mm,1.5468,1.8322704201680722,0.2854704201680722,0.16669236132563292,0.5839216589497851,"In North Dakota Canola 2012, drought/dry-spell stress was the dominant modelled driver; moving hot_dry_days_30_1mm toward feasible normal levels recovered 0.167 t/ha (58.4%) of the 0.285 t/ha detrended yield shortfall."
02_grouped_driver_scaa,Oats,Kansas,2012,drought,dry_days_1mm,1.1836,1.8742633033033016,0.6906633033033016,0.23876421617601523,0.34570276867766786,"In Kansas Oats 2012, drought/dry-spell stress was the dominant modelled driver; moving dry_days_1mm toward feasible normal levels recovered 0.239 t/ha (34.6%) of the 0.691 t/ha detrended yield shortfall."
02_grouped_driver_scaa,Oats,Kansas,2013,excess_rain,max_7day_rain,1.5064,1.8816113213213193,0.3752113213213193,0.11644114621210874,0.31033484224851565,"In Kansas Oats 2013, excess rainfall or wetness was the dominant modelled driver; moving max_7day_rain toward feasible normal levels recovered 0.116 t/ha (31.0%) of the 0.375 t/ha detrended yield shortfall."
02_grouped_driver_scaa,Oats,Minnesota,2013,frost_cold,frost_days_0,2.0444,2.3854125010725014,0.34101250107250136,0.11606852195906968,0.34036441946857776,"In Minnesota Oats 2013, frost/cold stress was the dominant modelled driver; moving frost_days_0 toward feasible normal levels recovered 0.116 t/ha (34.0%) of the 0.341 t/ha detrended yield shortfall."
02_grouped_driver_scaa,Wheat,Colorado,2013,drought,dry_spell_events_7d,1.7015,2.3883700171600157,0.6868700171600157,0.6246931140302501,0.9094779192912701,"In Colorado Wheat 2013, drought/dry-spell stress was the dominant modelled driver; moving dry_spell_events_7d toward feasible normal levels recovered 0.625 t/ha (90.9%) of the 0.687 t/ha detrended yield shortfall."
02_grouped_driver_scaa,Wheat,Nebraska,2013,drought,dry_days_1mm,2.3538,2.9261158815958765,0.5723158815958764,0.3699474488709497,0.6464043035803381,"In Nebraska Wheat 2013, drought/dry-spell stress was the dominant modelled driver; moving dry_days_1mm toward feasible normal levels recovered 0.370 t/ha (64.6%) of the 0.572 t/ha detrended yield shortfall."
02_grouped_driver_scaa,Barley,Minnesota,2014,excess_rain,heavy_rain_days_25,2.7976,3.420917494637486,0.6233174946374858,0.3036010363184596,0.48707286243430475,"In Minnesota Barley 2014, excess rainfall or wetness was the dominant modelled driver; moving heavy_rain_days_25 toward feasible normal levels recovered 0.304 t/ha (48.7%) of the 0.623 t/ha detrended yield shortfall."
02_grouped_driver_scaa,Canola,Oklahoma,2014,excess_rain,wet_days_1mm,0.6389,1.3567985294117615,0.7178985294117615,0.3321875593862304,0.46272216166596886,"In Oklahoma Canola 2014, excess rainfall or wetness was the dominant modelled driver; moving wet_days_1mm toward feasible normal levels recovered 0.332 t/ha (46.3%) of the 0.718 t/ha detrended yield shortfall."
02_grouped_driver_scaa,Canola,Washington,2014,heat,max_consecutive_heat_days_30,1.345,1.8791638095238161,0.5341638095238161,0.27940619135374384,0.5230721107871803,"In Washington Canola 2014, heat exposure was the dominant modelled driver; moving max_consecutive_heat_days_30 toward feasible normal levels recovered 0.279 t/ha (52.3%) of the 0.534 t/ha detrended yield shortfall."
02_grouped_driver_scaa,Oats,Iowa,2014,excess_rain,heavy_rain_days_25,2.2955,2.6076797854997764,0.3121797854997763,0.22141514897936315,0.7092552409339835,"In Iowa Oats 2014, excess rainfall or wetness was the dominant modelled driver; moving heavy_rain_days_25 toward feasible normal levels recovered 0.221 t/ha (70.9%) of the 0.312 t/ha detrended yield shortfall."
02_grouped_driver_scaa,Oats,Texas,2014,heat,heatwave_events_3d_30,1.363,1.678896366366363,0.315896366366363,0.182730040168894,0.5784493258683817,"In Texas Oats 2014, heat exposure was the dominant modelled driver; moving heatwave_events_3d_30 toward feasible normal levels recovered 0.183 t/ha (57.8%) of the 0.316 t/ha detrended yield shortfall."
02_grouped_driver_scaa,Wheat,Kansas,2014,drought,dry_days_1mm,1.883,2.809776692406693,0.9267766924066931,0.6808507485970137,0.7346437973412467,"In Kansas Wheat 2014, drought/dry-spell stress was the dominant modelled driver; moving dry_days_1mm toward feasible normal levels recovered 0.681 t/ha (73.5%) of the 0.927 t/ha detrended yield shortfall."
02_grouped_driver_scaa,Wheat,Oklahoma,2014,drought,max_dry_spell_1mm,1.1433,2.160228035178033,1.016928035178033,0.5767233903980374,0.5671231104343296,"In Oklahoma Wheat 2014, drought/dry-spell stress was the dominant modelled driver; moving max_dry_spell_1mm toward feasible normal levels recovered 0.577 t/ha (56.7%) of the 1.017 t/ha detrended yield shortfall."
02_grouped_driver_scaa,Wheat,Washington,2014,drought,dry_spell_events_14d,3.2415,4.097915722865716,0.8564157228657163,0.6415937027080754,0.7491615176811455,"In Washington Wheat 2014, drought/dry-spell stress was the dominant modelled driver; moving dry_spell_events_14d toward feasible normal levels recovered 0.642 t/ha (74.9%) of the 0.856 t/ha detrended yield shortfall."
02_grouped_driver_scaa,Barley,South Dakota,2015,excess_rain,heavy_rain_days_25,1.9906,2.4691223184226994,0.47852231842269943,0.2589129204889832,0.541067596057817,"In South Dakota Barley 2015, excess rainfall or wetness was the dominant modelled driver; moving heavy_rain_days_25 toward feasible normal levels recovered 0.259 t/ha (54.1%) of the 0.479 t/ha detrended yield shortfall."
02_grouped_driver_scaa,Barley,Washington,2015,drought,hot_dry_days_30_1mm,2.5824,3.4447559845559805,0.8623559845559807,0.6143386968962516,0.7123957018893643,"In Washington Barley 2015, drought/dry-spell stress was the dominant modelled driver; moving hot_dry_days_30_1mm toward feasible normal levels recovered 0.614 t/ha (71.2%) of the 0.862 t/ha detrended yield shortfall."
02_grouped_driver_scaa,Canola,Washington,2015,drought,hot_dry_days_30_1mm,1.2329,1.8790045238095288,0.6461045238095287,0.3877211458733098,0.6000904367411763,"In Washington Canola 2015, drought/dry-spell stress was the dominant modelled driver; moving hot_dry_days_30_1mm toward feasible normal levels recovered 0.388 t/ha (60.0%) of the 0.646 t/ha detrended yield shortfall."
02_grouped_driver_scaa,Wheat,Nebraska,2015,heat,heat_days_30,2.5555,2.9746034749034678,0.4191034749034679,0.1541959193860869,0.36791849416567796,"In Nebraska Wheat 2015, heat exposure was the dominant modelled driver; moving heat_days_30 toward feasible normal levels recovered 0.154 t/ha (36.8%) of the 0.419 t/ha detrended yield shortfall."
02_grouped_driver_scaa,Wheat,Oklahoma,2015,drought,rain_mean,1.7485,2.171404997854996,0.4229049978549959,0.24085509898387508,0.5695253075880143,"In Oklahoma Wheat 2015, drought/dry-spell stress was the dominant modelled driver; moving rain_mean toward feasible normal levels recovered 0.241 t/ha (57.0%) of the 0.423 t/ha detrended yield shortfall."
02_grouped_driver_scaa,Wheat,Washington,2015,drought,hot_dry_days_30_1mm,3.3827,4.106839081939073,0.7241390819390734,0.5433022245521437,0.7502733081293013,"In Washington Wheat 2015, drought/dry-spell stress was the dominant modelled driver; moving hot_dry_days_30_1mm toward feasible normal levels recovered 0.543 t/ha (75.0%) of the 0.724 t/ha detrended yield shortfall."
02_grouped_driver_scaa,Canola,Montana,2017,drought,hot_dry_days_30_1mm,0.9639,1.4455502442002448,0.4816502442002448,0.19212014355943424,0.398878949762477,"In Montana Canola 2017, drought/dry-spell stress was the dominant modelled driver; moving hot_dry_days_30_1mm toward feasible normal levels recovered 0.192 t/ha (39.9%) of the 0.482 t/ha detrended yield shortfall."
02_grouped_driver_scaa,Oats,Nebraska,2017,excess_rain,heavy_rain_days_25,1.7575,2.2030227842127825,0.44552278421278246,0.32114613215445464,0.7208298734303893,"In Nebraska Oats 2017, excess rainfall or wetness was the dominant modelled driver; moving heavy_rain_days_25 toward feasible normal levels recovered 0.321 t/ha (72.1%) of the 0.446 t/ha detrended yield shortfall."
02_grouped_driver_scaa,Oats,North Dakota,2017,drought,max_dry_spell_1mm,2.0803,2.483118138138124,0.4028181381381244,0.22258277032153398,0.5525639221469502,"In North Dakota Oats 2017, drought/dry-spell stress was the dominant modelled driver; moving max_dry_spell_1mm toward feasible normal levels recovered 0.223 t/ha (55.3%) of the 0.403 t/ha detrended yield shortfall."
02_grouped_driver_scaa,Oats,Washington,2017,heat,heatwave_events_3d_30,1.5064,2.279102906403942,0.7727029064039421,0.4398620891532599,0.5692512419816309,"In Washington Oats 2017, heat exposure was the dominant modelled driver; moving heatwave_events_3d_30 toward feasible normal levels recovered 0.440 t/ha (56.9%) of the 0.773 t/ha detrended yield shortfall."
02_grouped_driver_scaa,Wheat,Montana,2017,drought,hot_dry_days_30_1mm,1.836,2.3234620806520816,0.4874620806520815,0.21697312351041165,0.4451076958030564,"In Montana Wheat 2017, drought/dry-spell stress was the dominant modelled driver; moving hot_dry_days_30_1mm toward feasible normal levels recovered 0.217 t/ha (44.5%) of the 0.487 t/ha detrended yield shortfall."
02_grouped_driver_scaa,Wheat,North Dakota,2017,drought,max_dry_spell_1mm,2.5488,2.9659495452595337,0.41714954525953374,0.24345422424704977,0.5836137831471979,"In North Dakota Wheat 2017, drought/dry-spell stress was the dominant modelled driver; moving max_dry_spell_1mm toward feasible normal levels recovered 0.243 t/ha (58.4%) of the 0.417 t/ha detrended yield shortfall."
02_grouped_driver_scaa,Wheat,South Dakota,2017,drought,dry_spell_events_14d,2.3403,3.103556598026586,0.7632565980265857,0.4501678383924305,0.589798816749633,"In South Dakota Wheat 2017, drought/dry-spell stress was the dominant modelled driver; moving dry_spell_events_14d toward feasible normal levels recovered 0.450 t/ha (59.0%) of the 0.763 t/ha detrended yield shortfall."
02_grouped_driver_scaa,Barley,Kansas,2018,heat,heatwave_events_3d_30,1.6678,2.4195882946111062,0.7517882946111063,0.5411644819982606,0.7198362702337636,"In Kansas Barley 2018, heat exposure was the dominant modelled driver; moving heatwave_events_3d_30 toward feasible normal levels recovered 0.541 t/ha (72.0%) of the 0.752 t/ha detrended yield shortfall."
02_grouped_driver_scaa,Oats,Colorado,2018,drought,dry_days_2mm,1.7934,2.4565489655172534,0.6631489655172533,0.24012161885990527,0.3620930308963258,"In Colorado Oats 2018, drought/dry-spell stress was the dominant modelled driver; moving dry_days_2mm toward feasible normal levels recovered 0.240 t/ha (36.2%) of the 0.663 t/ha detrended yield shortfall."
02_grouped_driver_scaa,Oats,Iowa,2018,excess_rain,max_7day_rain,2.2596,2.6796143543543423,0.4200143543543424,0.24750516506939807,0.5892778723000308,"In Iowa Oats 2018, excess rainfall or wetness was the dominant modelled driver; moving max_7day_rain toward feasible normal levels recovered 0.248 t/ha (58.9%) of the 0.420 t/ha detrended yield shortfall."
02_grouped_driver_scaa,Oats,Minnesota,2018,frost_cold,min_tmin,2.1162,2.476209219219214,0.36000921921921414,0.12665024870350944,0.351797237243501,"In Minnesota Oats 2018, frost/cold stress was the dominant modelled driver; moving min_tmin toward feasible normal levels recovered 0.127 t/ha (35.2%) of the 0.360 t/ha detrended yield shortfall."
02_grouped_driver_scaa,Oats,Washington,2018,drought,max_dry_spell_1mm,1.6499,2.26680551724138,0.6169055172413802,0.282606492043104,0.4581033629052906,"In Washington Oats 2018, drought/dry-spell stress was the dominant modelled driver; moving max_dry_spell_1mm toward feasible normal levels recovered 0.283 t/ha (45.8%) of the 0.617 t/ha detrended yield shortfall."
02_grouped_driver_scaa,Wheat,Illinois,2018,excess_rain,max_3day_rain,4.4386,4.921745105105089,0.48314510510508857,0.21446425401195407,0.44389201452285454,"In Illinois Wheat 2018, excess rainfall or wetness was the dominant modelled driver; moving max_3day_rain toward feasible normal levels recovered 0.214 t/ha (44.4%) of the 0.483 t/ha detrended yield shortfall."
02_grouped_driver_scaa,Barley,Kansas,2019,excess_rain,max_3day_rain,1.7754,2.434093366655844,0.6586933666558441,0.39833406161404167,0.6047336769707662,"In Kansas Barley 2019, excess rainfall or wetness was the dominant modelled driver; moving max_3day_rain toward feasible normal levels recovered 0.398 t/ha (60.5%) of the 0.659 t/ha detrended yield shortfall."
02_grouped_driver_scaa,Oats,Illinois,2019,drought,dry_spell_events_7d,2.3314,2.8778210853710675,0.5464210853710676,0.2357703254264465,0.4314810166345207,"In Illinois Oats 2019, drought/dry-spell stress was the dominant modelled driver; moving dry_spell_events_7d toward feasible normal levels recovered 0.236 t/ha (43.1%) of the 0.546 t/ha detrended yield shortfall."
02_grouped_driver_scaa,Oats,Iowa,2019,heat,heat_days_30,2.0803,2.6975979965679855,0.6172979965679857,0.3054254608542053,0.49477798818769936,"In Iowa Oats 2019, heat exposure was the dominant modelled driver; moving heat_days_30 toward feasible normal levels recovered 0.305 t/ha (49.5%) of the 0.617 t/ha detrended yield shortfall."
02_grouped_driver_scaa,Wheat,Illinois,2019,drought,dry_spell_events_7d,4.5058,4.992848078078055,0.48704807807805484,0.22192677960300333,0.4556568223793239,"In Illinois Wheat 2019, drought/dry-spell stress was the dominant modelled driver; moving dry_spell_events_7d toward feasible normal levels recovered 0.222 t/ha (45.6%) of the 0.487 t/ha detrended yield shortfall."
02_grouped_driver_scaa,Barley,Minnesota,2020,radiation,radiation_sum,2.5286,3.5506695409695297,1.0220695409695297,0.3037117603949402,0.29715371432245286,"In Minnesota Barley 2020, radiation anomaly was the dominant modelled driver; moving radiation_sum toward feasible normal levels recovered 0.304 t/ha (29.7%) of the 1.022 t/ha detrended yield shortfall."
02_grouped_driver_scaa,Canola,Minnesota,2020,radiation,radiation_sum,1.7597,2.242766403940877,0.48306640394087674,0.21444577040543,0.4439260703207097,"In Minnesota Canola 2020, radiation anomaly was the dominant modelled driver; moving radiation_sum toward feasible normal levels recovered 0.214 t/ha (44.4%) of the 0.483 t/ha detrended yield shortfall."
02_grouped_driver_scaa,Oats,Illinois,2020,heat,season_tmean_mean,2.0803,2.901340068640053,0.8210400686400532,0.28030892785535577,0.3414071231866324,"In Illinois Oats 2020, heat exposure was the dominant modelled driver; moving season_tmean_mean toward feasible normal levels recovered 0.280 t/ha (34.1%) of the 0.821 t/ha detrended yield shortfall."
02_grouped_driver_scaa,Wheat,Colorado,2020,excess_rain,max_3day_rain,1.8158,2.4518798369798365,0.6360798369798364,0.3488288124232607,0.5484041344236454,"In Colorado Wheat 2020, excess rainfall or wetness was the dominant modelled driver; moving max_3day_rain toward feasible normal levels recovered 0.349 t/ha (54.8%) of the 0.636 t/ha detrended yield shortfall."
02_grouped_driver_scaa,Wheat,Illinois,2020,drought,max_dry_spell_1mm,4.5731,5.063951051051021,0.49085105105102045,0.23728511540889857,0.48341572234758134,"In Illinois Wheat 2020, drought/dry-spell stress was the dominant modelled driver; moving max_dry_spell_1mm toward feasible normal levels recovered 0.237 t/ha (48.3%) of the 0.491 t/ha detrended yield shortfall."
02_grouped_driver_scaa,Wheat,Minnesota,2020,radiation,radiation_sum,3.5643,4.0596839768339805,0.4953839768339807,0.2554397263399273,0.515639863793038,"In Minnesota Wheat 2020, radiation anomaly was the dominant modelled driver; moving radiation_sum toward feasible normal levels recovered 0.255 t/ha (51.6%) of the 0.495 t/ha detrended yield shortfall."
02_grouped_driver_scaa,Barley,Colorado,2021,heat,heatwave_events_3d_30,5.9719,7.313027138567122,1.3411271385671224,0.748626365623669,0.5582068575716924,"In Colorado Barley 2021, heat exposure was the dominant modelled driver; moving heatwave_events_3d_30 toward feasible normal levels recovered 0.749 t/ha (55.8%) of the 1.341 t/ha detrended yield shortfall."
02_grouped_driver_scaa,Barley,Minnesota,2021,heat,heat_days_30,2.959,3.5722948820248774,0.6132948820248774,0.4531309016746492,0.7388467032018516,"In Minnesota Barley 2021, heat exposure was the dominant modelled driver; moving heat_days_30 toward feasible normal levels recovered 0.453 t/ha (73.9%) of the 0.613 t/ha detrended yield shortfall."
02_grouped_driver_scaa,Barley,Montana,2021,heat,heatwave_events_3d_30,2.0444,2.8367534877734855,0.7923534877734855,0.4702254031741965,0.5934540712321853,"In Montana Barley 2021, heat exposure was the dominant modelled driver; moving heatwave_events_3d_30 toward feasible normal levels recovered 0.470 t/ha (59.3%) of the 0.792 t/ha detrended yield shortfall."
02_grouped_driver_scaa,Barley,North Dakota,2021,drought,dry_spell_events_7d,2.7438,3.654919034749028,0.9111190347490283,0.7233775010038899,0.7939440110623387,"In North Dakota Barley 2021, drought/dry-spell stress was the dominant modelled driver; moving dry_spell_events_7d toward feasible normal levels recovered 0.723 t/ha (79.4%) of the 0.911 t/ha detrended yield shortfall."
02_grouped_driver_scaa,Barley,South Dakota,2021,excess_rain,wet_days_1mm,1.076,2.481431303617681,1.4054313036176809,0.755743965306621,0.5377309893135879,"In South Dakota Barley 2021, excess rainfall or wetness was the dominant modelled driver; moving wet_days_1mm toward feasible normal levels recovered 0.756 t/ha (53.8%) of the 1.405 t/ha detrended yield shortfall."
02_grouped_driver_scaa,Barley,Washington,2021,drought,hot_dry_days_30_1mm,2.0444,3.4937807722007665,1.4493807722007666,0.6655154409381527,0.45917225735485767,"In Washington Barley 2021, drought/dry-spell stress was the dominant modelled driver; moving hot_dry_days_30_1mm toward feasible normal levels recovered 0.666 t/ha (45.9%) of the 1.449 t/ha detrended yield shortfall."
02_grouped_driver_scaa,Canola,Minnesota,2021,heat,heat_days_30,1.9054,2.2847561576354565,0.3793561576354565,0.37235063319150874,0.9815331205176331,"In Minnesota Canola 2021, heat exposure was the dominant modelled driver; moving heat_days_30 toward feasible normal levels recovered 0.372 t/ha (98.2%) of the 0.379 t/ha detrended yield shortfall."
02_grouped_driver_scaa,Canola,Montana,2021,drought,hot_dry_days_30_1mm,1.0088,1.4582215506715492,0.4494215506715493,0.30764571205421465,0.6845370712519554,"In Montana Canola 2021, drought/dry-spell stress was the dominant modelled driver; moving hot_dry_days_30_1mm toward feasible normal levels recovered 0.308 t/ha (68.5%) of the 0.449 t/ha detrended yield shortfall."
02_grouped_driver_scaa,Canola,North Dakota,2021,drought,dry_spell_events_7d,1.5019,2.024302436974793,0.5224024369747928,0.5224024369747928,1.0,"In North Dakota Canola 2021, drought/dry-spell stress was the dominant modelled driver; moving dry_spell_events_7d toward feasible normal levels recovered 0.522 t/ha (100.0%) of the 0.522 t/ha detrended yield shortfall."
02_grouped_driver_scaa,Canola,Washington,2021,drought,hot_dry_days_30_1mm,1.2329,1.8780488095238044,0.6451488095238043,0.4456425436867291,0.6907593056176694,"In Washington Canola 2021, drought/dry-spell stress was the dominant modelled driver; moving hot_dry_days_30_1mm toward feasible normal levels recovered 0.446 t/ha (69.1%) of the 0.645 t/ha detrended yield shortfall."
02_grouped_driver_scaa,Oats,Minnesota,2021,heat,heat_days_30,2.0444,2.530687250107249,0.48628725010724905,0.2554444355175417,0.52529535878476,"In Minnesota Oats 2021, heat exposure was the dominant modelled driver; moving heat_days_30 toward feasible normal levels recovered 0.255 t/ha (52.5%) of the 0.486 t/ha detrended yield shortfall."
02_grouped_driver_scaa,Oats,Montana,2021,drought,hot_dry_days_30_1mm,1.2554,1.6294996181896195,0.37409961818961945,0.3254242402362676,0.8698865874578898,"In Montana Oats 2021, drought/dry-spell stress was the dominant modelled driver; moving hot_dry_days_30_1mm toward feasible normal levels recovered 0.325 t/ha (87.0%) of the 0.374 t/ha detrended yield shortfall."
02_grouped_driver_scaa,Oats,North Dakota,2021,drought,dry_spell_events_7d,1.7216,2.5864439039038913,0.8648439039038913,0.633855878087906,0.73291362201513,"In North Dakota Oats 2021, drought/dry-spell stress was the dominant modelled driver; moving dry_spell_events_7d toward feasible normal levels recovered 0.634 t/ha (73.3%) of the 0.865 t/ha detrended yield shortfall."
02_grouped_driver_scaa,Oats,South Dakota,2021,excess_rain,wet_days_1mm,2.4031,2.892177456027447,0.48907745602744734,0.4405780975261022,0.9008350151829053,"In South Dakota Oats 2021, excess rainfall or wetness was the dominant modelled driver; moving wet_days_1mm toward feasible normal levels recovered 0.441 t/ha (90.1%) of the 0.489 t/ha detrended yield shortfall."
02_grouped_driver_scaa,Wheat,Minnesota,2021,heat,heat_days_30,3.228,4.116680694980701,0.8886806949807009,0.41932230345399313,0.4718481067748404,"In Minnesota Wheat 2021, heat exposure was the dominant modelled driver; moving heat_days_30 toward feasible normal levels recovered 0.419 t/ha (47.2%) of the 0.889 t/ha detrended yield shortfall."
02_grouped_driver_scaa,Wheat,Montana,2021,heat,heatwave_events_3d_30,1.493,2.3661455298155296,0.8731455298155295,0.5203005793260659,0.5958921640886032,"In Montana Wheat 2021, heat exposure was the dominant modelled driver; moving heatwave_events_3d_30 toward feasible normal levels recovered 0.520 t/ha (59.6%) of the 0.873 t/ha detrended yield shortfall."
02_grouped_driver_scaa,Wheat,North Dakota,2021,drought,dry_spell_events_7d,2.1655,3.126483856713847,0.9609838567138467,0.6749804357550278,0.7023847810130461,"In North Dakota Wheat 2021, drought/dry-spell stress was the dominant modelled driver; moving dry_spell_events_7d toward feasible normal levels recovered 0.675 t/ha (70.2%) of the 0.961 t/ha detrended yield shortfall."
02_grouped_driver_scaa,Wheat,South Dakota,2021,excess_rain,wet_days_1mm,2.2865,3.25163422994423,0.9651342299442298,0.6622699645202044,0.6861946701014568,"In South Dakota Wheat 2021, excess rainfall or wetness was the dominant modelled driver; moving wet_days_1mm toward feasible normal levels recovered 0.662 t/ha (68.6%) of the 0.965 t/ha detrended yield shortfall."
02_grouped_driver_scaa,Wheat,Washington,2021,heat,heat_days_35,2.6295,4.160379236379226,1.530879236379226,0.7516333999034515,0.49098151052148603,"In Washington Wheat 2021, heat exposure was the dominant modelled driver; moving heat_days_35 toward feasible normal levels recovered 0.752 t/ha (49.1%) of the 1.531 t/ha detrended yield shortfall."
02_grouped_driver_scaa,Barley,Colorado,2022,excess_rain,heavy_rain_days_25,5.9719,7.389565774345755,1.417665774345755,0.5221243211707884,0.36829860085445454,"In Colorado Barley 2022, excess rainfall or wetness was the dominant modelled driver; moving heavy_rain_days_25 toward feasible normal levels recovered 0.522 t/ha (36.8%) of the 1.418 t/ha detrended yield shortfall."
02_grouped_driver_scaa,Barley,Kansas,2022,heat,heatwave_events_3d_35,1.8292,2.4776085827900616,0.6484085827900616,0.3637799411889245,0.561035049264157,"In Kansas Barley 2022, heat exposure was the dominant modelled driver; moving heatwave_events_3d_35 toward feasible normal levels recovered 0.364 t/ha (56.1%) of the 0.648 t/ha detrended yield shortfall."
02_grouped_driver_scaa,Barley,Montana,2022,heat,heat_days_30,2.2058,2.846738314028311,0.6409383140283111,0.41997233801526357,0.6552461115574888,"In Montana Barley 2022, heat exposure was the dominant modelled driver; moving heat_days_30 toward feasible normal levels recovered 0.420 t/ha (65.5%) of the 0.641 t/ha detrended yield shortfall."
02_grouped_driver_scaa,Canola,Kansas,2022,heat,heatwave_events_3d_35,0.7734,1.3450090909090875,0.5716090909090875,0.3120853751261552,0.5459769273959838,"In Kansas Canola 2022, heat exposure was the dominant modelled driver; moving heatwave_events_3d_35 toward feasible normal levels recovered 0.312 t/ha (54.6%) of the 0.572 t/ha detrended yield shortfall."
02_grouped_driver_scaa,Canola,Oklahoma,2022,heat,heat_days_35,0.7846,1.3464651960784333,0.5618651960784333,0.39711901299903174,0.7067869940525665,"In Oklahoma Canola 2022, heat exposure was the dominant modelled driver; moving heat_days_35 toward feasible normal levels recovered 0.397 t/ha (70.7%) of the 0.562 t/ha detrended yield shortfall."
02_grouped_driver_scaa,Oats,Kansas,2022,excess_rain,max_3day_rain,1.4706,1.9477434834834817,0.4771434834834818,0.2376701728670162,0.4981104868746344,"In Kansas Oats 2022, excess rainfall or wetness was the dominant modelled driver; moving max_3day_rain toward feasible normal levels recovered 0.238 t/ha (49.8%) of the 0.477 t/ha detrended yield shortfall."
02_grouped_driver_scaa,Oats,Minnesota,2022,frost_cold,frost_days_0,2.1879,2.5488465937365916,0.36094659373659166,0.12862734560936737,0.35636115658494305,"In Minnesota Oats 2022, frost/cold stress was the dominant modelled driver; moving frost_days_0 toward feasible normal levels recovered 0.129 t/ha (35.6%) of the 0.361 t/ha detrended yield shortfall."
02_grouped_driver_scaa,Oats,Nebraska,2022,drought,dry_spell_events_14d,1.8292,2.231432436722436,0.4022324367224359,0.20559078359046778,0.5111243271818418,"In Nebraska Oats 2022, drought/dry-spell stress was the dominant modelled driver; moving dry_spell_events_14d toward feasible normal levels recovered 0.206 t/ha (51.1%) of the 0.402 t/ha detrended yield shortfall."
02_grouped_driver_scaa,Oats,Oklahoma,2022,heat,heat_days_35,0.7173,1.512370618792973,0.795070618792973,0.4013381634690888,0.5047830393712391,"In Oklahoma Oats 2022, heat exposure was the dominant modelled driver; moving heat_days_35 toward feasible normal levels recovered 0.401 t/ha (50.5%) of the 0.795 t/ha detrended yield shortfall."
02_grouped_driver_scaa,Wheat,Colorado,2022,drought,dry_spell_events_7d,1.6813,2.470025499785498,0.788725499785498,0.5405759921708823,0.6853791240652134,"In Colorado Wheat 2022, drought/dry-spell stress was the dominant modelled driver; moving dry_spell_events_7d toward feasible normal levels recovered 0.541 t/ha (68.5%) of the 0.789 t/ha detrended yield shortfall."
02_grouped_driver_scaa,Wheat,Kansas,2022,heat,heatwave_events_3d_30,2.4883,2.9525582625482656,0.4642582625482654,0.21471000451948624,0.46247966237793015,"In Kansas Wheat 2022, heat exposure was the dominant modelled driver; moving heatwave_events_3d_30 toward feasible normal levels recovered 0.215 t/ha (46.2%) of the 0.464 t/ha detrended yield shortfall."
02_grouped_driver_scaa,Wheat,Montana,2022,heat,heat_days_30,1.9032,2.3768163921063916,0.4736163921063916,0.38294015122888375,0.8085449693279648,"In Montana Wheat 2022, heat exposure was the dominant modelled driver; moving heat_days_30 toward feasible normal levels recovered 0.383 t/ha (80.9%) of the 0.474 t/ha detrended yield shortfall."
02_grouped_driver_scaa,Wheat,Nebraska,2022,drought,max_dry_spell_1mm,2.152,3.1443100514800477,0.9923100514800476,0.5278982097773682,0.531989179178422,"In Nebraska Wheat 2022, drought/dry-spell stress was the dominant modelled driver; moving max_dry_spell_1mm toward feasible normal levels recovered 0.528 t/ha (53.2%) of the 0.992 t/ha detrended yield shortfall."
02_grouped_driver_scaa,Barley,Kansas,2023,heat,heat_days_40,1.5602,2.492113654834803,0.931913654834803,0.6157389163415258,0.660725286239824,"In Kansas Barley 2023, heat exposure was the dominant modelled driver; moving heat_days_40 toward feasible normal levels recovered 0.616 t/ha (66.1%) of the 0.932 t/ha detrended yield shortfall."
02_grouped_driver_scaa,Barley,Washington,2023,heat,growing_degree_days_base5,2.8514,3.5101223680823654,0.6587223680823655,0.5017335404210145,0.7616767924271832,"In Washington Barley 2023, heat exposure was the dominant modelled driver; moving growing_degree_days_base5 toward feasible normal levels recovered 0.502 t/ha (76.2%) of the 0.659 t/ha detrended yield shortfall."
02_grouped_driver_scaa,Canola,Kansas,2023,heat,heat_days_40,0.6725,1.3039151515151417,0.6314151515151417,0.5001370219438499,0.7920890411700174,"In Kansas Canola 2023, heat exposure was the dominant modelled driver; moving heat_days_40 toward feasible normal levels recovered 0.500 t/ha (79.2%) of the 0.631 t/ha detrended yield shortfall."
02_grouped_driver_scaa,Canola,Oklahoma,2023,heat,heatwave_events_3d_35,0.8967,1.3451735294117673,0.4484735294117672,0.11145312409891674,0.24851661645471554,"In Oklahoma Canola 2023, heat exposure was the dominant modelled driver; moving heatwave_events_3d_35 toward feasible normal levels recovered 0.111 t/ha (24.9%) of the 0.448 t/ha detrended yield shortfall."
02_grouped_driver_scaa,Oats,Montana,2023,heat,growing_degree_days_base5,1.3271,1.6090596439296476,0.2819596439296477,0.13968991451440887,0.4954252054214652,"In Montana Oats 2023, heat exposure was the dominant modelled driver; moving growing_degree_days_base5 toward feasible normal levels recovered 0.140 t/ha (49.5%) of the 0.282 t/ha detrended yield shortfall."
02_grouped_driver_scaa,Oats,South Dakota,2023,heat,heat_days_40,2.6542,2.954449013299005,0.300249013299005,0.18055108148932247,0.6013378012653766,"In South Dakota Oats 2023, heat exposure was the dominant modelled driver; moving heat_days_40 toward feasible normal levels recovered 0.181 t/ha (60.1%) of the 0.300 t/ha detrended yield shortfall."
02_grouped_driver_scaa,Wheat,Kansas,2023,drought,max_dry_spell_1mm,2.3538,2.9704059588159595,0.6166059588159594,0.4750913551717342,0.7704942652257702,"In Kansas Wheat 2023, drought/dry-spell stress was the dominant modelled driver; moving max_dry_spell_1mm toward feasible normal levels recovered 0.475 t/ha (77.0%) of the 0.617 t/ha detrended yield shortfall."
02_grouped_driver_scaa,Wheat,Washington,2023,drought,max_dry_spell_1mm,3.3962,4.1782259545259475,0.7820259545259476,0.5756786569178556,0.7361375330142634,"In Washington Wheat 2023, drought/dry-spell stress was the dominant modelled driver; moving max_dry_spell_1mm toward feasible normal levels recovered 0.576 t/ha (73.6%) of the 0.782 t/ha detrended yield shortfall."
02_grouped_driver_scaa,Oats,Montana,2024,heat,max_consecutive_heat_days_30,1.1836,1.5988396567996581,0.41523965679965813,0.2622376286142533,0.6315331985277501,"In Montana Oats 2024, heat exposure was the dominant modelled driver; moving max_consecutive_heat_days_30 toward feasible normal levels recovered 0.262 t/ha (63.2%) of the 0.415 t/ha detrended yield shortfall."
02_grouped_driver_scaa,Barley,Colorado,2025,heat,season_tmean_mean,6.7789,7.619181681681653,0.8402816816816525,0.425448894116829,0.5063169927319846,"In Colorado Barley 2025, heat exposure was the dominant modelled driver; moving season_tmean_mean toward feasible normal levels recovered 0.425 t/ha (50.6%) of the 0.840 t/ha detrended yield shortfall."
02_grouped_driver_scaa,Barley,Washington,2025,drought,dry_spell_events_7d,2.6362,3.526463963963961,0.8902639639639607,0.5098114037867345,0.5726519598937428,"In Washington Barley 2025, drought/dry-spell stress was the dominant modelled driver; moving dry_spell_events_7d toward feasible normal levels recovered 0.510 t/ha (57.3%) of the 0.890 t/ha detrended yield shortfall."
02_grouped_driver_scaa,Oats,Nebraska,2025,drought,max_dry_spell_1mm,1.7934,2.248478228228228,0.45507822822822774,0.29878524716194627,0.6565579907551664,"In Nebraska Oats 2025, drought/dry-spell stress was the dominant modelled driver; moving max_dry_spell_1mm toward feasible normal levels recovered 0.299 t/ha (65.7%) of the 0.455 t/ha detrended yield shortfall."
